{
  "/repo/ebaejun/tools/q/aipm/serverless.yml": {
    "versionFramework": "4.23.0",
    "servicePath": "/repo/ebaejun/tools/q/aipm/serverless.yml",
    "serviceConfigFileName": "serverless.yml",
    "service": {
      "service": "aipm-backend",
      "provider": {
        "name": "aws",
        "runtime": "nodejs18.x",
        "region": "us-east-1",
        "environment": {
          "AIPM_DATA_DIR": "/tmp/aipm/data",
          "AIPM_UPLOAD_DIR": "/tmp/aipm/uploads",
          "AIPM_DISABLE_SQLITE_MIRROR": "1",
          "AI_PM_FORCE_JSON_DB": "1"
        }
      },
      "functions": {
        "api": {
          "handler": "lambda.handler",
          "events": [
            {
              "http": {
                "path": "/{proxy+}",
                "method": "ANY",
                "cors": true
              }
            },
            {
              "http": {
                "path": "/",
                "method": "ANY",
                "cors": true
              }
            }
          ]
        }
      },
      "plugins": [
        "serverless-offline"
      ]
    },
    "provider": {
      "name": "aws",
      "runtime": "nodejs18.x",
      "region": "us-east-1",
      "environment": {
        "AIPM_DATA_DIR": "/tmp/aipm/data",
        "AIPM_UPLOAD_DIR": "/tmp/aipm/uploads",
        "AIPM_DISABLE_SQLITE_MIRROR": "1",
        "AI_PM_FORCE_JSON_DB": "1"
      }
    },
    "error": {
      "message": "You must sign in or use a license key with Serverless Framework V.4 and later versions. Please use \"serverless login\".",
      "stack": "Error: You must sign in or use a license key with Serverless Framework V.4 and later versions. Please use \"serverless login\".\n    at Authentication.getAuthenticatedData (file:///home/demian/.serverless/releases/4.23.0/package/dist/sf-core.js:717:11184)\n    at process.processTicksAndRejections (node:internal/process/task_queues:105:5)\n    at async Authentication.authenticate (file:///home/demian/.serverless/releases/4.23.0/package/dist/sf-core.js:720:4103)\n    at async TraditionalRunner.resolveVariablesAndAuthenticate (file:///home/demian/.serverless/releases/4.23.0/package/dist/sf-core.js:729:1380)\n    at async TraditionalRunner.run (file:///home/demian/.serverless/releases/4.23.0/package/dist/sf-core.js:1356:27989)\n    at async route (file:///home/demian/.serverless/releases/4.23.0/package/dist/sf-core.js:1531:2878)\n    at async Object.run (file:///home/demian/.serverless/releases/4.23.0/package/dist/sf-core.js:1532:3845)\n    at async run2 (file:///home/demian/.serverless/releases/4.23.0/package/dist/sf-core.js:1532:4999)"
    },
    "serviceRawFile": "service: aipm-backend\n\nprovider:\n  name: aws\n  runtime: nodejs18.x\n  region: us-east-1\n  environment:\n    AIPM_DATA_DIR: /tmp/aipm/data\n    AIPM_UPLOAD_DIR: /tmp/aipm/uploads\n    AIPM_DISABLE_SQLITE_MIRROR: '1'\n    AI_PM_FORCE_JSON_DB: '1'\n\nfunctions:\n  api:\n    handler: lambda.handler\n    events:\n      - http:\n          path: /{proxy+}\n          method: ANY\n          cors: true\n      - http:\n          path: /\n          method: ANY\n          cors: true\n\nplugins:\n  - serverless-offline\n",
    "command": [
      "deploy"
    ],
    "options": {},
    "serviceProviderAwsCfStackId": null,
    "serviceProviderAwsCfStackCreated": null,
    "serviceProviderAwsCfStackUpdated": null,
    "serviceProviderAwsCfStackStatus": null,
    "serviceProviderAwsCfStackOutputs": null
  }
}