{
  "providers": {
    "awscloudformation": {
      "AuthRoleName": "amplify-aipm-dev-1306d-authRole",
      "UnauthRoleArn": "arn:aws:iam::728378229251:role/amplify-aipm-dev-1306d-unauthRole",
      "AuthRoleArn": "arn:aws:iam::728378229251:role/amplify-aipm-dev-1306d-authRole",
      "Region": "us-east-1",
      "DeploymentBucketName": "amplify-aipm-dev-1306d-deployment",
      "UnauthRoleName": "amplify-aipm-dev-1306d-unauthRole",
      "StackName": "amplify-aipm-dev-1306d",
      "StackId": "arn:aws:cloudformation:us-east-1:728378229251:stack/amplify-aipm-dev-1306d/8fd79390-c21f-11f0-a82e-0affe0941cdb",
      "AmplifyAppId": "d1i9h4hnhckyx9"
    }
  },
  "hosting": {
    "amplifyhosting": {
      "service": "amplifyhosting",
      "providerPlugin": "awscloudformation",
      "type": "manual",
      "providerMetadata": {
        "s3TemplateURL": "https://s3.amazonaws.com/amplify-aipm-dev-1306d-deployment/amplify-cfn-templates/hosting/amplifyhosting-template.json",
        "logicalId": "hostingamplifyhosting"
      },
      "lastPushTimeStamp": "2025-11-15T12:37:53.174Z",
      "output": {},
      "lastPushDirHash": "FlHnDf0vUW91nGvtItORV6/sELI="
    }
  }
}